{
"company" : {
	"companyName" : "Inho Choi Clothing",
	"companyEmail": "choiin@sheridancollege.ca",
	"companyTaxCode" : "991555383",
	"companyPhoto" : "choiinByML.jpg"
},
"categories" : [
		{"catid" : 1, "description": "Blouse", "catimg": "blouse.svg"},
		{"catid" : 3,"description": "Dress", "catimg": "dress.svg"},		
		{"catid" : 5,"description": "Jacket", "catimg": "jacket.svg"},
		{"catid" : 7,"description": "Pants", "catimg": "pants.svg"},
    {"catid" : 10,"description": "Sweater", "catimg": "sweater.svg"}
		],
"products": [
    { "ProductID":7631,
      "catid": 10,
      "Name":"On Cloud Nine Sweater",
      "Price":24.99,
      "Brand":"FabDecor",
      "Color":"White",
      "RatingAvg":4.2,
      "InventoryCount":21},
    { "ProductID":7615,
      "catid": 1,
      "Name":"Simply Sweet Blouse",
      "Price":42,
      "Brand":"Entity Apparel",
      "Color":"Rosewood",
      "RatingAvg":4.5,
      "InventoryCount":8},
    { "ProductID":8100,
      "catid": 1,
      "Name":"Uptown Girl Blouse",
      "Price":58,
      "Brand":"Entity Apparel",
      "Color":"Coral",
      "RatingAvg":4.2,
      "InventoryCount":9},
    { "ProductID":6489,
      "catid": 3,
      "Name":"Knock Your Socks Off Lace-Up Dress",
      "Price":38,
      "Brand":"Spark Collective",
      "Color":"Black",
      "RatingAvg":4.9,
      "InventoryCount":19},
    { "ProductID":7732,
      "catid": 10,
      "Name":"My Cup of Tea Sweater",
      "Price":68,
      "Brand":"Enigma Clothes",
      "Color":"White",
      "RatingAvg":4.6,
      "InventoryCount":3},
    { "ProductID":7609,
      "catid": 7,
      "Name":"Walk On Out Pants",
      "Price":34.99,
      "Brand":"Temptation",
      "Color":"Bisque",
      "RatingAvg":3.9,
      "InventoryCount":2},
    { "ProductID":7675,
      "catid": 10,
      "Name":"Warm Hearts Sweater",
      "Price":54.49,
      "Brand":"Legacy Apparel",
      "Color":"Grey",
      "RatingAvg":5,
      "InventoryCount":20},
    { "ProductID":7463,
      "catid": 3,
      "Name":"Silver Lining Dress",
      "Price":62,
      "Brand":"Temptation",
      "Color":"Green",
      "RatingAvg":5,
      "InventoryCount":0},
    { "ProductID":7677,
      "catid": 1,
      "Name":"Follow The Beat Blouse",
      "Price":32,
      "Brand":"Fusion Fashion",
      "Color":"Leopard",
      "RatingAvg":4.5,
      "InventoryCount":8},
    { "ProductID":8099,
      "catid": 5,
      "Name":"Cup of Joe Jacket",
      "Price":36,
      "Brand":"FabDecor",
      "Color":"Seafoam",
      "RatingAvg":4,
      "InventoryCount":18},
    { "ProductID":7425,
      "catid": 5,
      "Name":"Burst Your Bubble Denim Jacket",
      "Price":84,
      "Brand":"Zigzag Clothing",
      "Color":"Denim",
      "RatingAvg":5,
      "InventoryCount":17},
    { "ProductID":8102,
      "catid": 7,
      "Name":"Walk It Out Pants",
      "Price":32,
      "Brand":"Fusion Fashion",
      "Color":"Black",
      "RatingAvg":4.7,
      "InventoryCount":10},
    { "ProductID":10440,
      "catid": 3,
      "Name":"Basic Beauty Off-The-Shoulder Dress",
      "Price":52,
      "Brand":"Oasis",
      "Color":"Blue",
      "RatingAvg":3.2,
      "InventoryCount":30},
    { "ProductID":6060,
      "catid": 7,
      "Name":"Sunset Boulevard Pants",
      "Price":44,
      "Brand":"Monolith",
      "Color":"White",
      "RatingAvg":3.8,
      "InventoryCount":1},
    { "ProductID":10448,
      "Name":"Across The Pond Jacket",
      "catid": 5,
      "Price":74.49,
      "Brand":"Legacy Collective",
      "Color":"Brown",
      "RatingAvg":5,
      "InventoryCount":0},
    { "ProductID":8137,
      "catid": 3,
      "Name":"Once Upon A Time Lace Dress",
      "Price":50,
      "Brand":"Oasis",
      "Color":"White",
      "RatingAvg":5,
      "InventoryCount":0},
    { "ProductID":10018,
      "catid": 3,
      "Name":"Lovey Dovey Maxi Dress",
      "Price":68,
      "Image":"dress4",
      "Brand":"Oasis",
      "Color":"Fuschia",
      "RatingAvg":4.8,
      "InventoryCount":24}
]
}